{"cameraMode":{"drawMode":0,"name":"Shaded","section":"Shading Mode"},"sceneLighting":true,"audioPlay":false,"sceneViewState":{"showFog":true,"showMaterialUpdate":false,"showSkybox":true,"showFlares":true,"showImageEffects":true,"showParticleSystems":true,"showVisualEffectGraphs":true,"m_FxEnabled":true},"in2DMode":false,"pivot":{"x":0.07809042930603028,"y":-0.030371904373168947,"z":-5.803015232086182},"rotation":{"x":0.027265507727861406,"y":-0.9655886292457581,"z":0.11506076157093048,"w":0.23256054520606996},"size":2.4655447006225588,"orthographic":false}