{"cameraMode":{"drawMode":0,"name":"Shaded","section":"Shading Mode"},"sceneLighting":true,"audioPlay":false,"sceneViewState":{"showFog":true,"showMaterialUpdate":false,"showSkybox":true,"showFlares":true,"showImageEffects":true,"showParticleSystems":true,"showVisualEffectGraphs":true,"m_FxEnabled":true},"in2DMode":false,"pivot":{"x":0.17499923706054688,"y":-0.19800090789794923,"z":7.953000068664551},"rotation":{"x":-0.04978092387318611,"y":0.025209123268723489,"z":-0.0011536249658092857,"w":-0.9985275268554688},"size":11.208040237426758,"orthographic":false}