{"cameraMode":{"drawMode":0,"name":"Shaded","section":"Shading Mode"},"sceneLighting":true,"audioPlay":false,"sceneViewState":{"showFog":true,"showMaterialUpdate":false,"showSkybox":true,"showFlares":true,"showImageEffects":true,"showParticleSystems":true,"showVisualEffectGraphs":true,"m_FxEnabled":true},"in2DMode":false,"pivot":{"x":3.1367812156677248,"y":-1.783956527709961,"z":-0.5828737020492554},"rotation":{"x":0.24352312088012696,"y":-0.011026891879737378,"z":0.0028073571156710388,"w":0.9698838591575623},"size":409.9756164550781,"orthographic":false}