{"cameraMode":{"drawMode":0,"name":"Shaded","section":"Shading Mode"},"sceneLighting":true,"audioPlay":false,"sceneViewState":{"showFog":true,"showMaterialUpdate":false,"showSkybox":true,"showFlares":true,"showImageEffects":true,"showParticleSystems":true,"showVisualEffectGraphs":true,"m_FxEnabled":true},"in2DMode":false,"pivot":{"x":-6.309387683868408,"y":0.8987496495246887,"z":5.477397441864014},"rotation":{"x":0.034825872629880908,"y":-0.3614691495895386,"z":0.013915621675550938,"w":0.9319649338722229},"size":8.171417236328125,"orthographic":false}