{"cameraMode":{"drawMode":0,"name":"Shaded","section":"Shading Mode"},"sceneLighting":false,"audioPlay":false,"sceneViewState":{"showFog":true,"showMaterialUpdate":false,"showSkybox":false,"showFlares":true,"showImageEffects":true,"showParticleSystems":true,"showVisualEffectGraphs":true,"m_FxEnabled":true},"in2DMode":false,"pivot":{"x":11.146401405334473,"y":-1.6100000143051148,"z":0.9766033887863159},"rotation":{"x":0.07425041496753693,"y":0.9162357449531555,"z":-0.19952920079231263,"w":0.3399244248867035},"size":1.2511487007141114,"orthographic":false}