{"cameraMode":{"drawMode":0,"name":"Shaded","section":"Shading Mode"},"sceneLighting":false,"audioPlay":false,"sceneViewState":{"showFog":true,"showMaterialUpdate":false,"showSkybox":false,"showFlares":true,"showImageEffects":true,"showParticleSystems":true,"showVisualEffectGraphs":true,"m_FxEnabled":true},"in2DMode":false,"pivot":{"x":6.889999866485596,"y":0.1900000274181366,"z":-13.770000457763672},"rotation":{"x":-0.14351455867290498,"y":0.007760422304272652,"z":-0.0015996634028851987,"w":-0.9897595047950745},"size":1.2247449159622193,"orthographic":false}