{"cameraMode":{"drawMode":0,"name":"Shaded","section":"Shading Mode"},"sceneLighting":false,"audioPlay":false,"sceneViewState":{"showFog":false,"showMaterialUpdate":false,"showSkybox":false,"showFlares":false,"showImageEffects":false,"showParticleSystems":false,"showVisualEffectGraphs":true,"m_FxEnabled":true},"in2DMode":false,"pivot":{"x":-6.556510925292969e-7,"y":0.8986102342605591,"z":-0.034994229674339297},"rotation":{"x":-0.12439516931772232,"y":-0.038089096546173099,"z":0.004817807115614414,"w":-0.9915165901184082},"size":1.327243447303772,"orthographic":false}