{"cameraMode":{"drawMode":0,"name":"Shaded","section":"Shading Mode"},"sceneLighting":true,"audioPlay":false,"sceneViewState":{"showFog":true,"showMaterialUpdate":false,"showSkybox":true,"showFlares":true,"showImageEffects":true,"showParticleSystems":true,"showVisualEffectGraphs":true,"m_FxEnabled":true},"in2DMode":false,"pivot":{"x":0.018903017044067384,"y":1.6216686964035035,"z":-0.07545590400695801},"rotation":{"x":-0.11554519087076187,"y":-0.0113204475492239,"z":0.001356621622107923,"w":-0.9932617545127869},"size":1.2109674215316773,"orthographic":false}