{"cameraMode":{"drawMode":0,"name":"Shaded","section":"Shading Mode"},"sceneLighting":false,"audioPlay":false,"sceneViewState":{"showFog":true,"showMaterialUpdate":false,"showSkybox":false,"showFlares":true,"showImageEffects":true,"showParticleSystems":true,"showVisualEffectGraphs":true,"m_FxEnabled":true},"in2DMode":false,"pivot":{"x":209.57821655273438,"y":136.46031188964845,"z":-3.446746826171875},"rotation":{"x":0.03749772161245346,"y":0.0005147054325789213,"z":0.0003878110146615654,"w":0.9995118975639343},"size":252.94691467285157,"orthographic":false}