{"cameraMode":{"drawMode":0,"name":"Shaded","section":"Shading Mode"},"sceneLighting":true,"audioPlay":false,"sceneViewState":{"showFog":true,"showMaterialUpdate":false,"showSkybox":false,"showFlares":true,"showImageEffects":true,"showParticleSystems":true,"showVisualEffectGraphs":true,"m_FxEnabled":true},"in2DMode":false,"pivot":{"x":0.6015079021453857,"y":2.2777669429779054,"z":-7.706088066101074},"rotation":{"x":-0.007037342991679907,"y":-0.9921035170555115,"z":0.06557882577180863,"w":-0.10695355385541916},"size":1.645218849182129,"orthographic":false}