{"cameraMode":{"drawMode":0,"name":"Shaded","section":"Shading Mode"},"sceneLighting":true,"audioPlay":false,"sceneViewState":{"showFog":true,"showMaterialUpdate":false,"showSkybox":false,"showFlares":true,"showImageEffects":true,"showParticleSystems":true,"showVisualEffectGraphs":true,"m_FxEnabled":true},"in2DMode":false,"pivot":{"x":18.244691848754884,"y":-17.648162841796876,"z":18.678905487060548},"rotation":{"x":-0.21370293200016023,"y":-0.41424494981765749,"z":0.10072625428438187,"w":-0.8789911866188049},"size":36.334415435791019,"orthographic":false}