{"cameraMode":{"drawMode":0,"name":"Shaded","section":"Shading Mode"},"sceneLighting":false,"audioPlay":false,"sceneViewState":{"showFog":true,"showMaterialUpdate":false,"showSkybox":false,"showFlares":true,"showImageEffects":true,"showParticleSystems":true,"showVisualEffectGraphs":true,"m_FxEnabled":true},"in2DMode":false,"pivot":{"x":0.7090475559234619,"y":-0.11771482229232788,"z":5.973796844482422},"rotation":{"x":-0.037458647042512897,"y":-0.05053972080349922,"z":0.0016985897673293949,"w":-0.9982008337974548},"size":1.4527881145477296,"orthographic":false}