{"cameraMode":{"drawMode":0,"name":"Shaded","section":"Shading Mode"},"sceneLighting":true,"audioPlay":false,"sceneViewState":{"showFog":true,"showMaterialUpdate":false,"showSkybox":true,"showFlares":true,"showImageEffects":true,"showParticleSystems":true,"showVisualEffectGraphs":true,"m_FxEnabled":true},"in2DMode":false,"pivot":{"x":-13.045970916748047,"y":-11.589588165283204,"z":-39.53547286987305},"rotation":{"x":0.05449153110384941,"y":0.3739461600780487,"z":-0.022048911079764367,"w":0.9257019758224487},"size":2.5716006755828859,"orthographic":false}