{"cameraMode":{"drawMode":0,"name":"Shaded","section":"Shading Mode"},"sceneLighting":false,"audioPlay":false,"sceneViewState":{"showFog":true,"showMaterialUpdate":false,"showSkybox":false,"showFlares":true,"showImageEffects":true,"showParticleSystems":true,"showVisualEffectGraphs":true,"m_FxEnabled":true},"in2DMode":false,"pivot":{"x":-0.3999998867511749,"y":3.4585230350494386,"z":-8.489999771118164},"rotation":{"x":-0.0071314238011837009,"y":0.9918840527534485,"z":-0.10935996472835541,"w":-0.06494668126106262},"size":0.4720717668533325,"orthographic":false}